{
  "ie": {
    "6": 0.00011713264745227055,
    "7": 0.00328622149796648,
    "8": 0.02226171038523431,
    "9": 0.01638772502781304,
    "10": 0.035124610373974394,
    "11": 1.9350400124039138,
    "5.5": 0
  },
  "edge": {
    "12": 0.03395111477635072,
    "13": 0.06343817421090935,
    "14": 0.1692263078451174,
    "15": 0.17404393025236728,
    "16": 1.5438386611443395,
    "17": 0.005520418291963492,
    "18": 0
  },
  "firefox": {
    "2": 0,
    "3": 0.00276129370753223,
    "4": 0.0007049650078145913,
    "5": 0.0008806639789929972,
    "6": 0.00017569897117840585,
    "7": 0.0017634970810869622,
    "8": 0.00017569897117840585,
    "9": 0.00011713264745227055,
    "10": 0.002051990453515703,
    "11": 0.0009413994258201004,
    "12": 0.0010563629501714029,
    "13": 0.0013513636919030474,
    "14": 0.001939196052265368,
    "15": 0.0025270284126276887,
    "16": 0.0014099300156291826,
    "17": 0.0018198942817121298,
    "18": 0.0004706997129100502,
    "19": 0.0017634970810869622,
    "20": 0.001939196052265368,
    "21": 0.0034076923916206863,
    "22": 0.0005856632372613528,
    "23": 0.002349160318348315,
    "24": 0.0018198942817121298,
    "25": 0.0007049650078145913,
    "26": 0.0026419919369789916,
    "27": 0.0019955932528905353,
    "28": 0.0023469911952473475,
    "29": 0.004054091075709142,
    "30": 0.003171257973615177,
    "31": 0.005464021091338324,
    "32": 0.0032298242973413127,
    "33": 0.004407658141166922,
    "34": 0.0019977623759915037,
    "35": 0.004229790046887548,
    "36": 0.002464123842699618,
    "37": 0.01080874041212341,
    "38": 0.020736816845253823,
    "39": 0.007871747733412775,
    "40": 0.006223214176677116,
    "41": 0.004464055341792089,
    "42": 0.006750311090212333,
    "43": 0.039057230556029325,
    "44": 0.023786603925214797,
    "45": 0.0391808705727845,
    "46": 0.007516011544854028,
    "47": 0.080055826287425,
    "48": 0.06296747449799929,
    "49": 0.033129017121083855,
    "50": 0.030306987966724524,
    "51": 0.018207619309525167,
    "52": 0.3734622625398579,
    "53": 0.0372373362743172,
    "54": 0.03148482181055013,
    "55": 0.027489297058567123,
    "56": 0.07271551371374937,
    "57": 0.1844991035990329,
    "58": 2.1688844974268666,
    "59": 2.329590489731382,
    "60": 0.1769830920541789,
    "61": 0.000409964266082947,
    "3.5": 0,
    "3.6": 0.000819928532165894
  },
  "chrome": {
    "4": 0.0009977966264452676,
    "5": 0.00017569897117840585,
    "6": 0.00011713264745227055,
    "7": 0.0006463986840884561,
    "8": 0.0005856632372613528,
    "9": 0.0007049650078145913,
    "10": 0.00017569897117840585,
    "11": 0.006518214918408759,
    "12": 0.0005878323603623209,
    "13": 0.0032298242973413127,
    "14": 0,
    "15": 0.000058566323726135276,
    "16": 0.001702761634259859,
    "17": 0.0006442295609874881,
    "18": 0.0011149292738975383,
    "19": 0.0009977966264452676,
    "20": 0.0025812564901518883,
    "21": 0.0011149292738975383,
    "22": 0.002110556777241838,
    "23": 0.005813249910594169,
    "24": 0.0007027958847136234,
    "25": 0.0062253832997780836,
    "26": 0.00229059399462218,
    "27": 0.01209503041099742,
    "28": 0.003579053116597156,
    "29": 0.0029912207562348353,
    "30": 0.005984610635570638,
    "31": 0.012270729382175823,
    "32": 0.00522324842713088,
    "33": 0.015856289868075885,
    "34": 0.0018198942817121298,
    "35": 0.007049650078145913,
    "36": 0.004522621665518224,
    "37": 0.012216501304651626,
    "38": 0.011333668202557661,
    "39": 0.0070453118319439775,
    "40": 0.006108250652325813,
    "41": 0.004459717095590153,
    "42": 0.004464055341792089,
    "43": 0.07454191536476441,
    "44": 0.012507163800181334,
    "45": 0.008457410970674128,
    "46": 0.026133595120462143,
    "47": 0.02184523874984846,
    "48": 0.0153812519089639,
    "49": 0.2620279014738302,
    "50": 0.02302307259367407,
    "51": 0.0362417087709729,
    "52": 0.017912618567793522,
    "53": 0.025780028055004362,
    "54": 0.03165618253552661,
    "55": 0.2585052455578582,
    "56": 0.08364355589642603,
    "57": 0.09843697544502761,
    "58": 0.24868996352597814,
    "59": 0.08564131827241751,
    "60": 0.1758638245340794,
    "61": 0.17950578222060465,
    "62": 0.39378043862662493,
    "63": 5.5084859457850675,
    "64": 16.071534122508037,
    "65": 15.85390166354172,
    "66": 4.0707824779710915,
    "67": 0.07534666003522351,
    "68": 0.015917025314902987,
    "69": 0
  },
  "safari": {
    "4": 0.00017569897117840585,
    "5": 0.0009392303027191324,
    "6": 0.0013513636919030474,
    "7": 0.0021127259003428057,
    "8": 0.03589031082861609,
    "9": 0.046636146670811424,
    "10": 0.2564554242274435,
    "11": 2.5643113004871267,
    "3.1": 0,
    "3.2": 0,
    "5.1": 0.004639754312970495,
    "6.1": 0.007166782725598185,
    "7.1": 0.0031126916498890418,
    "9.1": 0.34368020236356767,
    "10.1": 0.6736797453293303,
    "11.1": 0.6890089382838709,
    "TP": 0
  },
  "opera": {
    "9": 0,
    "11": 0.0002928316186306764,
    "12": 0,
    "15": 0.000058566323726135276,
    "16": 0,
    "17": 0.0007635313315407266,
    "18": 0.00017569897117840585,
    "19": 0,
    "20": 0,
    "21": 0.00017569897117840585,
    "22": 0.0002928316186306764,
    "23": 0,
    "24": 0,
    "25": 0.0005292660366361854,
    "26": 0,
    "27": 0,
    "28": 0,
    "29": 0,
    "30": 0.000058566323726135276,
    "31": 0,
    "32": 0,
    "33": 0,
    "34": 0,
    "35": 0.0007049650078145913,
    "36": 0.0033469569447935827,
    "37": 0.0005270969135352175,
    "38": 0.0002928316186306764,
    "39": 0.0005292660366361854,
    "40": 0.0002342652949045411,
    "41": 0.000409964266082947,
    "42": 0.004054091075709142,
    "43": 0.0024077266420744507,
    "44": 0.001232061921349809,
    "45": 0.004166885476959477,
    "46": 0.0026398228138780236,
    "47": 0.0034076923916206863,
    "48": 0.005166851226505712,
    "49": 0.021142442865134836,
    "50": 0.21134634021971352,
    "51": 0.3170021573447625,
    "52": 0.36141495283708175,
    "9.5-9.6": 0,
    "10.0-10.1": 0,
    "10.5": 0,
    "10.6": 0,
    "11.1": 0.000058566323726135276,
    "11.5": 0.000058566323726135276,
    "11.6": 0.00017569897117840585,
    "12.1": 0.01826835475635227
  },
  "ios_saf": {
    "8": 0.003934789305155903,
    "3.2": 0.000058566323726135276,
    "4.0-4.1": 0.000058566323726135276,
    "4.2-4.3": 0.0004685305898090822,
    "5.0-5.1": 0.00422762092378658,
    "6.0-6.1": 0.005637550939415763,
    "7.0-7.1": 0.054030687322011245,
    "8.1-8.4": 0.07118628192756694,
    "9.0-9.2": 0.07823159375951093,
    "9.3": 0.5864983496552255,
    "10.0-10.2": 0.7863201388394963,
    "10.3": 1.571911452317067,
    "11.0-11.2": 8.539755221833074,
    "11.3": 2.0109224458450763
  },
  "op_mini": {
    "all": 1.5381707424815103
  },
  "android": {
    "3": 0.00017569897117840585,
    "4": 0.008398844646947993,
    "62": 1.5085513665377925,
    "2.1": 0.0002928316186306764,
    "2.2": 0.0031105225267880738,
    "2.3": 0.018090486662072896,
    "4.1": 0.0238473393720419,
    "4.2-4.3": 0.03935440042086194,
    "4.4": 0.0380030367289589,
    "4.4.3-4.4.4": 0
  },
  "bb": {
    "7": 0.0017005925111588912,
    "10": 0.03893792878547609
  },
  "op_mob": {
    "10": 0.03608336278460224,
    "11": 0.03608336278460224,
    "12": 0.03608336278460224,
    "37": 0.03608336278460224,
    "11.1": 0.03608336278460224,
    "11.5": 0.03608336278460224,
    "12.1": 0.03608336278460224
  },
  "and_chr": {
    "66": 20.490265637105402
  },
  "and_ff": {
    "57": 0.27068704089289436
  },
  "ie_mob": {
    "10": 0,
    "11": 0
  },
  "and_uc": {
    "11.8": 0.7230988769386836
  },
  "samsung": {
    "4": 0,
    "5": 0,
    "6.2": 0
  },
  "and_qq": {
    "1.2": 0
  },
  "baidu": {
    "7.12": 0
  }
}